{"cameraMode":{"drawMode":0,"name":"Shaded","section":"Shading Mode"},"sceneLighting":false,"audioPlay":false,"sceneViewState":{"showFog":true,"showMaterialUpdate":false,"showSkybox":true,"showFlares":true,"showImageEffects":true,"showParticleSystems":true},"in2DMode":false,"pivot":{"x":-6.099456787109375,"y":2.990847110748291,"z":-7.181586742401123},"rotation":{"x":0.1482539027929306,"y":-0.010975200682878495,"z":0.0016404149355366827,"w":0.9888870716094971},"size":1.4566717147827149,"orthographic":false}